{
    "playerX": -12.910009384155274,
    "playerY": 37.2099494934082,
    "questId": 10,
    "questActionIndex": 0,
    "isHouse": true,
    "level": 1,
    "exp": 0.0,
    "gold": 500,
    "hp": 100.0,
    "mp": 0.0
}